upstream_header,source_sha256,domain_hint,installed_header,installed_bytes_match_source,classification,availability,operation_inventory,bridge_api,tests,example_scenario
airdcpp/DCPlusPlus.h,3f39c6045fcd940f50cc74881770b62dcd8cf5fb7050ea246ba5547af5b7ac03,lifecycle-or-common,yes,yes,unclassified,requires-config-symbol-behavior-validation,pending,not-implemented,not-implemented,not-implemented
airdcpp/connection/ConnectionManager.h,77c8cfe6b13f4ce959ef6067d9dda7752f35fe3ba3574c4fd0a8c5e2e67cdeee,connection,yes,yes,unclassified,requires-config-symbol-behavior-validation,pending,not-implemented,not-implemented,not-implemented
airdcpp/connection/ConnectionManagerListener.h,5e6ca19052f2e493d1a31d92cfe476c03d450403fecdf7571f0c19fd5d7f2f02,connection,yes,yes,unclassified,requires-config-symbol-behavior-validation,pending,not-implemented,not-implemented,not-implemented
airdcpp/connection/ConnectionType.h,27ccfd206b96bba0fd0ee28586809130e1979d3cfe6e83b9679a1d772b7b88ac,connection,yes,yes,unclassified,requires-config-symbol-behavior-validation,pending,not-implemented,not-implemented,not-implemented
airdcpp/connection/ThrottleManager.h,edc1b96551f161d9348f6f5046dce4bf617296f1a60dc71c8125a0be3d1dd764,connection,yes,yes,unclassified,requires-config-symbol-behavior-validation,pending,not-implemented,not-implemented,not-implemented
airdcpp/connection/UDPServer.h,b77391765e525391f849a72da185b592e5fa96c21933d1c9cd24e6ccb299256f,connection,yes,yes,unclassified,requires-config-symbol-behavior-validation,pending,not-implemented,not-implemented,not-implemented
airdcpp/connection/UserConnection.h,261f5941a5cb3df4c29b50d6fc2320bcbd24cec54580729cf671cf0fcd619642,connection,yes,yes,unclassified,requires-config-symbol-behavior-validation,pending,not-implemented,not-implemented,not-implemented
airdcpp/connection/UserConnectionListener.h,51635dff46b5619a92b6a14e2ccfcb06fbc29d81d7b4d9603c4062273bfe77bb,connection,yes,yes,unclassified,requires-config-symbol-behavior-validation,pending,not-implemented,not-implemented,not-implemented
airdcpp/connection/http/HttpConnection.h,26b5020be15a6bb07d53df5e3c8c7c85a4a88cb28e930793ed563ef8299ecc94,connection,yes,yes,unclassified,requires-config-symbol-behavior-validation,pending,not-implemented,not-implemented,not-implemented
airdcpp/connection/http/HttpConnectionListener.h,bfed40212f066cbcc4cba237028c45e1c1a12afdef2e3f9b98332a69f7353881,connection,yes,yes,unclassified,requires-config-symbol-behavior-validation,pending,not-implemented,not-implemented,not-implemented
airdcpp/connection/http/HttpDownload.h,cb815eee6674bffa092ab41d20237936035426bc384d71996507464800bfcaab,connection,yes,yes,unclassified,requires-config-symbol-behavior-validation,pending,not-implemented,not-implemented,not-implemented
airdcpp/connection/socket/AddressInfo.h,3db3333d10c3a979eed42987b16e995b2a2b05b8c67223ba730ffd5f70f0734b,connection,yes,yes,unclassified,requires-config-symbol-behavior-validation,pending,not-implemented,not-implemented,not-implemented
airdcpp/connection/socket/BufferedSocket.h,503e9c7bd0167198edcf03b1eff902ead03620c1d730f2005f4a5d2a4d51b93f,connection,yes,yes,unclassified,requires-config-symbol-behavior-validation,pending,not-implemented,not-implemented,not-implemented
airdcpp/connection/socket/BufferedSocketListener.h,fadcc6df6dd65c82ba8637c3f638fbf278195b45c64e24e17b63bdca8b44aaee,connection,yes,yes,unclassified,requires-config-symbol-behavior-validation,pending,not-implemented,not-implemented,not-implemented
airdcpp/connection/socket/SSLSocket.h,57454c781de93a214c2c8f7bad8af96e499bdc8ae5b52ac47f1b3c4c47ef5f51,connection,yes,yes,unclassified,requires-config-symbol-behavior-validation,pending,not-implemented,not-implemented,not-implemented
airdcpp/connection/socket/Socket.h,1a461d97448cfd5e0e4a67835e26763ca97f495cb1f41be3234ebf674ee6e1ab,connection,yes,yes,unclassified,requires-config-symbol-behavior-validation,pending,not-implemented,not-implemented,not-implemented
airdcpp/connectivity/ConnectivityManager.h,3ca13a630523c03f37c149784c1a1455a73376ab555d0bdf6346ea600faaad77,connectivity,yes,yes,unclassified,requires-config-symbol-behavior-validation,pending,not-implemented,not-implemented,not-implemented
airdcpp/connectivity/ConnectivityManagerListener.h,1b6afb740a98b7220823eaf35b3e58ebe6e5b6cb270676e7ee4dc7ac05f823b9,connectivity,yes,yes,unclassified,requires-config-symbol-behavior-validation,pending,not-implemented,not-implemented,not-implemented
airdcpp/connectivity/Mapper.h,15d2478ebb39999954c41296bbddec62f2840fed6eab2d4834693af10f4d2159,connectivity,yes,yes,unclassified,requires-config-symbol-behavior-validation,pending,not-implemented,not-implemented,not-implemented
airdcpp/connectivity/MappingManager.h,4733fb8e422ff06061b9a2433ad891f8129b4da28e46b5d47ed246b1d5994b46,connectivity,yes,yes,unclassified,requires-config-symbol-behavior-validation,pending,not-implemented,not-implemented,not-implemented
airdcpp/connectivity/mappers/Mapper_MiniUPnPc.h,754deb97d369236af147527bb5b1df90d493d8a7e0df6976c65de7ed54acdcf3,connectivity,yes,yes,unclassified,requires-config-symbol-behavior-validation,pending,not-implemented,not-implemented,not-implemented
airdcpp/connectivity/mappers/Mapper_NATPMP.h,0de2523c7c586db52b029af5e8400ca746a9c9a38f898e2f2d459cdc08f1225f,connectivity,yes,yes,unclassified,requires-config-symbol-behavior-validation,pending,not-implemented,not-implemented,not-implemented
airdcpp/connectivity/mappers/Mapper_WinUPnP.h,13aa5fe14215c2db529f197e777dc7f0b009b69199c98631aaac3ea0a8b32f65,connectivity,yes,yes,unclassified,requires-config-symbol-behavior-validation,pending,not-implemented,not-implemented,not-implemented
airdcpp/core/ActionHook.h,ae6e21e84b7992d0d540bcc302811ee0d429bb480b6473f1add1a2411c2dc33e,core,yes,yes,unclassified,requires-config-symbol-behavior-validation,pending,not-implemented,not-implemented,not-implemented
airdcpp/core/Singleton.h,ce5eebaf3206cf893fcd332f54a2692397e07f103a2da3e7d0792ad734f1120f,core,yes,yes,unclassified,requires-config-symbol-behavior-validation,pending,not-implemented,not-implemented,not-implemented
airdcpp/core/Speaker.h,a396c3e0f850d68fe692fb2c5a3c8311f29e27ef33c8f737b713f3073cc653d8,core,yes,yes,unclassified,requires-config-symbol-behavior-validation,pending,not-implemented,not-implemented,not-implemented
airdcpp/core/classes/BloomFilter.h,228bd1a54b68fee5a8e688254fcb0bf7adeab8f96f8d0296bc60a52ab3dafde2,core,yes,yes,unclassified,requires-config-symbol-behavior-validation,pending,not-implemented,not-implemented,not-implemented
airdcpp/core/classes/ErrorCollector.h,6a1ad91aaffd6abee1e721e6dcda87661cd265aa32972a06b106a5e54e3f31a6,core,yes,yes,unclassified,requires-config-symbol-behavior-validation,pending,not-implemented,not-implemented,not-implemented
airdcpp/core/classes/Exception.h,6080ce6107da23555bf438675fa1b81c2ac71554b4dacdb59eef45cf029ed34e,core,yes,yes,unclassified,requires-config-symbol-behavior-validation,pending,not-implemented,not-implemented,not-implemented
airdcpp/core/classes/FastAlloc.h,f2248d58ce4764ef649ea4ca37d2578375f86418a34d11f0e327f0a1178a6e7f,core,yes,yes,unclassified,requires-config-symbol-behavior-validation,pending,not-implemented,not-implemented,not-implemented
airdcpp/core/classes/Flags.h,6fcfe8696f8b2c8ed5f9a5d9c50ff2416b8c258690704c63afd72acb14ccd8a7,core,yes,yes,unclassified,requires-config-symbol-behavior-validation,pending,not-implemented,not-implemented,not-implemented
airdcpp/core/classes/FloodCounter.h,3a0c28faead75d616dc9cb13414c3e4ccbd666b1be39e48030939143d47da7ff,core,yes,yes,unclassified,requires-config-symbol-behavior-validation,pending,not-implemented,not-implemented,not-implemented
airdcpp/core/classes/IncrementingIdCounter.h,b95980198e6dfddb3c79269fef6cdad943fe35639501960716599e3e89a61a9a,core,yes,yes,unclassified,requires-config-symbol-behavior-validation,pending,not-implemented,not-implemented,not-implemented
airdcpp/core/classes/Magnet.h,1fdca13a1db09de8cfee8f4f6e36539e2533c36c2c4273d618850498857c1a67,core,yes,yes,unclassified,requires-config-symbol-behavior-validation,pending,not-implemented,not-implemented,not-implemented
airdcpp/core/classes/Pointer.h,b2a08d10847552bcfad2af24e26dc9ffc18118bdb8f98e00cf8ae7b2d83d0924,core,yes,yes,unclassified,requires-config-symbol-behavior-validation,pending,not-implemented,not-implemented,not-implemented
airdcpp/core/classes/ScopedFunctor.h,cabf71227aea4ba217f71fac140f14b57b98d4e57e05d8cdfd951ad15928e44d,core,yes,yes,unclassified,requires-config-symbol-behavior-validation,pending,not-implemented,not-implemented,not-implemented
airdcpp/core/classes/Segment.h,d66a78ec01201fe79d7d6263318023b7f82d1104bf143ba6315cdac0683431fe,core,yes,yes,unclassified,requires-config-symbol-behavior-validation,pending,not-implemented,not-implemented,not-implemented
airdcpp/core/classes/SortedVector.h,c96fc9768d97764af8cac249953b8ff01d22a4f8c52e9dbd92163a37666564f5,core,yes,yes,unclassified,requires-config-symbol-behavior-validation,pending,not-implemented,not-implemented,not-implemented
airdcpp/core/classes/StartupParams.h,5b072935e8760eaae2696afca763a771dc9632f6dabc23c419dbdbdbe0d81ec5,core,yes,yes,unclassified,requires-config-symbol-behavior-validation,pending,not-implemented,not-implemented,not-implemented
airdcpp/core/classes/tribool.h,cb721f8e3c9774073365f32d0f06551d576b2a2accb1be5759c22c913fa9ef7e,core,yes,yes,unclassified,requires-config-symbol-behavior-validation,pending,not-implemented,not-implemented,not-implemented
airdcpp/core/crypto/CryptoManager.h,0647fc61ab6ede9a930f202b36b3d80e64a2be038398b156d260742863ebbebd,core,yes,yes,unclassified,requires-config-symbol-behavior-validation,pending,not-implemented,not-implemented,not-implemented
airdcpp/core/crypto/SSL.h,76de94a348630b976574fea89435980bf3bf9a36c2049aa4e257d6e4954f2b3e,core,yes,yes,unclassified,requires-config-symbol-behavior-validation,pending,not-implemented,not-implemented,not-implemented
airdcpp/core/crypto/pubkey.h,7873118c530a69697d142785073e45427ea37618b8e90eae5baffcad07932414,core,yes,yes,unclassified,requires-config-symbol-behavior-validation,pending,not-implemented,not-implemented,not-implemented
airdcpp/core/geo/GeoIP.h,1cb86d66554aa093e0cbd6aff908a7dbed1bdde7095234fef0c1e664095363f8,core,yes,yes,unclassified,requires-config-symbol-behavior-validation,pending,not-implemented,not-implemented,not-implemented
airdcpp/core/geo/GeoManager.h,a3029365dcde060836c28c32e40b018350ea8194d31365d7c31c2b72597a6969,core,yes,yes,unclassified,requires-config-symbol-behavior-validation,pending,not-implemented,not-implemented,not-implemented
airdcpp/core/header/compiler.h,a65ff6b4b87efea14351ec516b54f43040f017a225d4ac84157c892713fd649b,core,yes,yes,unclassified,requires-config-symbol-behavior-validation,pending,not-implemented,not-implemented,not-implemented
airdcpp/core/header/constants.h,ccecd4b2fec17df20cfa6f974fe9d13b95d6e09eadacbfb357d4cc9747d0662f,core,yes,yes,unclassified,requires-config-symbol-behavior-validation,pending,not-implemented,not-implemented,not-implemented
airdcpp/core/header/debug.h,45d4f246f1ec2c2e9398ad008dbbc7f223565caed886f381f0e0497285f438bf,core,yes,yes,unclassified,requires-config-symbol-behavior-validation,pending,not-implemented,not-implemented,not-implemented
airdcpp/core/header/format.h,ef461c8b92e3a4e88ffdf6035818c56f67290bae1acd35efecd235d4a1d0f738,core,yes,yes,unclassified,requires-config-symbol-behavior-validation,pending,not-implemented,not-implemented,not-implemented
airdcpp/core/header/typedefs.h,13db88cd38c9e6d39b6d64225b6a99acfe857ed49a01ffffe43b561febfd6f70,core,yes,yes,unclassified,requires-config-symbol-behavior-validation,pending,not-implemented,not-implemented,not-implemented
airdcpp/core/header/w.h,1b855cbe198ba1eb75a9787a0d9bd4ac1bcbf38b1dc21ebf51e976337c67a899,core,yes,yes,unclassified,requires-config-symbol-behavior-validation,pending,not-implemented,not-implemented,not-implemented
airdcpp/core/io/File.h,c0276c04d97d01e71a5f64b211bdeb247999322a9debdf60db225c94c3eab36b,core,yes,yes,unclassified,requires-config-symbol-behavior-validation,pending,not-implemented,not-implemented,not-implemented
airdcpp/core/io/FileReader.h,b9533b932af116612d94b0561349598441232f0d5c349041e985889f10dfc976,core,yes,yes,unclassified,requires-config-symbol-behavior-validation,pending,not-implemented,not-implemented,not-implemented
airdcpp/core/io/SFVReader.h,73e5b8502738ba227a1fb268d9fb6102b98be99cf8504937d5fae3cd700b45bf,core,yes,yes,unclassified,requires-config-symbol-behavior-validation,pending,not-implemented,not-implemented,not-implemented
airdcpp/core/io/compress/BZUtils.h,1f853e0f4363c39ca9b52fb28b37d6238647ad1e9767523780f187f554f7d56b,core,yes,yes,unclassified,requires-config-symbol-behavior-validation,pending,not-implemented,not-implemented,not-implemented
airdcpp/core/io/compress/ZUtils.h,4081d6079c3d1cce19cea33f672521bbe90e52ba6ad6d27d674417381a94b549,core,yes,yes,unclassified,requires-config-symbol-behavior-validation,pending,not-implemented,not-implemented,not-implemented
airdcpp/core/io/compress/ZipFile.h,0cd81b4525c6f571cc70e314732847fea3b5a99011d6a5bb7798ade7cb56fe9a,core,no,not-installed,unclassified,requires-config-symbol-behavior-validation,pending,not-implemented,not-implemented,not-implemented
airdcpp/core/io/db/DbHandler.h,0c33b25b953bfe14749da5f6c4774ef00eaa2e28da4318597eb394dd3c7f0cf3,core,yes,yes,unclassified,requires-config-symbol-behavior-validation,pending,not-implemented,not-implemented,not-implemented
airdcpp/core/io/db/LevelDB.h,e8fa6bfa2b30ef3f0b971d3cda8dda117569f36a1fb7ad0855785f8053793e9f,core,yes,yes,unclassified,requires-config-symbol-behavior-validation,pending,not-implemented,not-implemented,not-implemented
airdcpp/core/io/stream/FilteredFile.h,8e67d163dc38e871c95a4be50493163c873291b4aca5efc2dd5998645322ec48,core,yes,yes,unclassified,requires-config-symbol-behavior-validation,pending,not-implemented,not-implemented,not-implemented
airdcpp/core/io/stream/SharedFileStream.h,bdc5a2877ab3a47ee96d467482b78cfe93d99a321602464dfd2d6ee0a24de0ea,core,yes,yes,unclassified,requires-config-symbol-behavior-validation,pending,not-implemented,not-implemented,not-implemented
airdcpp/core/io/stream/StreamBase.h,f4f12ed1f46b741527e3a5d60b8f7666026a497c49966c7c7ea3eea8a88fbe8b,core,yes,yes,unclassified,requires-config-symbol-behavior-validation,pending,not-implemented,not-implemented,not-implemented
airdcpp/core/io/stream/Streams.h,c4c98f24014502419c513fd83d8502b7c6d1186d6c7ecb32135c46199b46a756,core,yes,yes,unclassified,requires-config-symbol-behavior-validation,pending,not-implemented,not-implemented,not-implemented
airdcpp/core/io/xml/SimpleXML.h,7f984d93c4e2796deeb3356e618d612ee26dc3d28699b0b7c1612640435f04e0,core,yes,yes,unclassified,requires-config-symbol-behavior-validation,pending,not-implemented,not-implemented,not-implemented
airdcpp/core/io/xml/SimpleXMLReader.h,f6da215ec09aff875374ca51da8b8541e8691e2b8f504353bfa58ab5ce9ddb3b,core,yes,yes,unclassified,requires-config-symbol-behavior-validation,pending,not-implemented,not-implemented,not-implemented
airdcpp/core/localization/Localization.h,b7a6fba0146cc252bcac5ac422b7e3077ae21b0bc92cbae08cb2e2e723aaccf9,core,yes,yes,unclassified,requires-config-symbol-behavior-validation,pending,not-implemented,not-implemented,not-implemented
airdcpp/core/localization/ResourceManager.h,b2c08d26cc2d8a9f76061e2639aa001b31e838f4f8f95805ae58d18ec088d84a,core,yes,yes,unclassified,requires-config-symbol-behavior-validation,pending,not-implemented,not-implemented,not-implemented
airdcpp/core/localization/StringDefs.h,97b35cca3930bdc06e61a53a59ef67b4e7a4f32e39a2777f7da3fa06eb770ae9,core,yes,yes,unclassified,requires-config-symbol-behavior-validation,pending,not-implemented,not-implemented,not-implemented
airdcpp/core/queue/DelayedEvents.h,6bec0f3432e67c90f292401b0140576bc40b354f8cfa9f106c06480eb5b5de78,core,yes,yes,unclassified,requires-config-symbol-behavior-validation,pending,not-implemented,not-implemented,not-implemented
airdcpp/core/queue/DispatcherQueue.h,757dd7762b04256c50bac0c27f00cd42d9051ee6fc1240efcb30c6f3802058b9,core,yes,yes,unclassified,requires-config-symbol-behavior-validation,pending,not-implemented,not-implemented,not-implemented
airdcpp/core/queue/Task.h,183254ac1156561b4b2b6a7e66d7ff32e64aad14d98b89d0d6fd9955b856cf86,core,yes,yes,unclassified,requires-config-symbol-behavior-validation,pending,not-implemented,not-implemented,not-implemented
airdcpp/core/queue/TaskQueue.h,7dbafe56e4b4eb4637d3a858a7aaef6d4132775461e957e58ccecc1158319ae3,core,yes,yes,unclassified,requires-config-symbol-behavior-validation,pending,not-implemented,not-implemented,not-implemented
airdcpp/core/thread/CriticalSection.h,33b7c5b4317b20df756635518d46e67b232c4b2b9846ca723b1f0581eef9e012,core,yes,yes,unclassified,requires-config-symbol-behavior-validation,pending,not-implemented,not-implemented,not-implemented
airdcpp/core/thread/Semaphore.h,869f5e7fc73397cb3c1bcff2c39ec8eaf3ba7a9158fb30831d4d30aba9b1e185,core,yes,yes,unclassified,requires-config-symbol-behavior-validation,pending,not-implemented,not-implemented,not-implemented
airdcpp/core/thread/Thread.h,6415118e864011083fd72d3ef6b4eaf61c35986efa57465b8ed68cebef6fdf10,core,yes,yes,unclassified,requires-config-symbol-behavior-validation,pending,not-implemented,not-implemented,not-implemented
airdcpp/core/thread/concurrency.h,c62bad0c2843e38295fadd3a4a72fccdea3ca83f4745188d3958b91e790551af,core,yes,yes,unclassified,requires-config-symbol-behavior-validation,pending,not-implemented,not-implemented,not-implemented
airdcpp/core/timer/TimerManager.h,f37dbf7c888701f8dcabbc39967fb5d877e6dbf54040a0593c950043397a59f8,core,yes,yes,unclassified,requires-config-symbol-behavior-validation,pending,not-implemented,not-implemented,not-implemented
airdcpp/core/timer/TimerManagerListener.h,500212a5f68174fab199154ab35d54cabc684ff6c80710df0329761365adfe18,core,yes,yes,unclassified,requires-config-symbol-behavior-validation,pending,not-implemented,not-implemented,not-implemented
airdcpp/core/types/DirectoryContentInfo.h,f241f793c8d7f8269c014d453d300c02d171427ebf6732461e6672e5a1e8ae83,core,yes,yes,unclassified,requires-config-symbol-behavior-validation,pending,not-implemented,not-implemented,not-implemented
airdcpp/core/types/DupeType.h,a3195b574a3f6fb11b43bf740b35f7e60c17f88d78b86ee0e44ed5cdd9b78df6,core,yes,yes,unclassified,requires-config-symbol-behavior-validation,pending,not-implemented,not-implemented,not-implemented
airdcpp/core/types/GetSet.h,a635a51e4d86b9fdf5437daaf3e8046dafd24ad2c5886893d2635c39da8193fd,core,yes,yes,unclassified,requires-config-symbol-behavior-validation,pending,not-implemented,not-implemented,not-implemented
airdcpp/core/types/Priority.h,3cfc17aeecd5c61be48a42430b57bff84f1915a3044e1fe6beb4656aaf562597,core,yes,yes,unclassified,requires-config-symbol-behavior-validation,pending,not-implemented,not-implemented,not-implemented
airdcpp/core/update/UpdateConstants.h,082fd1527cffe6da7f31dfbcf1a896c7cd9644bd45328b0a7d5e83bf28289ab8,core,yes,yes,unclassified,requires-config-symbol-behavior-validation,pending,not-implemented,not-implemented,not-implemented
airdcpp/core/update/UpdateDownloader.h,1b6971e1c865d278bb8c974e78dceaedc3dea48576649d14e3f1eec65290748e,core,yes,yes,unclassified,requires-config-symbol-behavior-validation,pending,not-implemented,not-implemented,not-implemented
airdcpp/core/update/UpdateManager.h,4263c7cdcf665ee7e603e1079dc211e522f52323512aa53cbc129288283bb808,core,yes,yes,unclassified,requires-config-symbol-behavior-validation,pending,not-implemented,not-implemented,not-implemented
airdcpp/core/update/UpdateManagerListener.h,3d614e059c71713ee4795148943199b569e38ca11894bddb2b44ebd60fe19b79,core,yes,yes,unclassified,requires-config-symbol-behavior-validation,pending,not-implemented,not-implemented,not-implemented
airdcpp/core/update/UpdateVersion.h,dee4ff05dacda5750bdb59be65255740a1321ecbc2a9006b5e0a8907a76c26d8,core,yes,yes,unclassified,requires-config-symbol-behavior-validation,pending,not-implemented,not-implemented,not-implemented
airdcpp/core/update/updater/Updater.h,164a4922ff20800ae2fe68de0f49da6c040326938cd1415c1051409c218e1a7b,core,yes,yes,unclassified,requires-config-symbol-behavior-validation,pending,not-implemented,not-implemented,not-implemented
airdcpp/core/update/updater/UpdaterCreator.h,88689a36e8e316e984f104fbed76c3c3ed26fb7a9cbad0f03639995467c823e4,core,yes,yes,unclassified,requires-config-symbol-behavior-validation,pending,not-implemented,not-implemented,not-implemented
airdcpp/core/version.h,957ba96b54014994317b8ff1e5016f91acac0045f4db351225e10ec4e81e578e,core,yes,yes,unclassified,requires-config-symbol-behavior-validation,pending,not-implemented,not-implemented,not-implemented
airdcpp/events/LogManager.h,02320d09ed02cb300d3aca522d0450f321099b8402732d24b8e7129e6b7e925b,events,yes,yes,unclassified,requires-config-symbol-behavior-validation,pending,not-implemented,not-implemented,not-implemented
airdcpp/events/LogManagerListener.h,3cdab5508c123f065565dedff9bfd5cc459da7d15203b3a04286d2794d0c8e90,events,yes,yes,unclassified,requires-config-symbol-behavior-validation,pending,not-implemented,not-implemented,not-implemented
airdcpp/favorites/FavHubGroup.h,86dd9ce4a057d11075bd4eccca5a682f2b3e01852c36732c382bb53b56596267,favorites,yes,yes,unclassified,requires-config-symbol-behavior-validation,pending,not-implemented,not-implemented,not-implemented
airdcpp/favorites/FavoriteManager.h,3714c4258a0f9c3b4cb3207b1c5fa172f8e0cd1ceb043783244e4025c92ee778,favorites,yes,yes,unclassified,requires-config-symbol-behavior-validation,pending,not-implemented,not-implemented,not-implemented
airdcpp/favorites/FavoriteManagerListener.h,f42c484291249d934b302131fb794a031eecc2fe611a7dd53024cbc38e9b3e24,favorites,yes,yes,unclassified,requires-config-symbol-behavior-validation,pending,not-implemented,not-implemented,not-implemented
airdcpp/favorites/FavoriteUser.h,66c9eecad9afb55e2104c14717dc40fa78ee855cb7e13fc7528e9cc925280d03,favorites,yes,yes,unclassified,requires-config-symbol-behavior-validation,pending,not-implemented,not-implemented,not-implemented
airdcpp/favorites/FavoriteUserManager.h,1253cec4a55a75465083a7e3bb013fd7fd6de453a7af9b241d9b16d04c2d863d,favorites,yes,yes,unclassified,requires-config-symbol-behavior-validation,pending,not-implemented,not-implemented,not-implemented
airdcpp/favorites/FavoriteUserManagerListener.h,2398e4e3f59e83ed62aa4c827d689600c2133842a23597156bd9be22c5adca23,favorites,yes,yes,unclassified,requires-config-symbol-behavior-validation,pending,not-implemented,not-implemented,not-implemented
airdcpp/favorites/HubEntry.h,c2d28b3117323aa4004501802000ac0b6be6179080478e5f1ade1b09e86d5b0c,favorites,yes,yes,unclassified,requires-config-symbol-behavior-validation,pending,not-implemented,not-implemented,not-implemented
airdcpp/favorites/ReservedSlotManager.h,1c8cd63863df96b593945040ddbd3a0247db5ed526f7ac67cc85187ca175a445,favorites,yes,yes,unclassified,requires-config-symbol-behavior-validation,pending,not-implemented,not-implemented,not-implemented
airdcpp/filelist/DirectoryDownload.h,cc45c9efc7a3e7e4fcf0b19c82a237e3816230b9d66f9f0f0851cf1b8eb10f3e,filelist,yes,yes,unclassified,requires-config-symbol-behavior-validation,pending,not-implemented,not-implemented,not-implemented
airdcpp/filelist/DirectoryListing.h,ea87f6875a434a58a0a49f0024d1eeee78de38f2e9322bb38b718c45ffc2208b,filelist,yes,yes,unclassified,requires-config-symbol-behavior-validation,pending,not-implemented,not-implemented,not-implemented
airdcpp/filelist/DirectoryListingDirectory.h,2485dbd8e0df5ccadfc8fc769b37239782806cb396475cb99b6489e3a6df79c7,filelist,yes,yes,unclassified,requires-config-symbol-behavior-validation,pending,not-implemented,not-implemented,not-implemented
airdcpp/filelist/DirectoryListingListener.h,3aa455fd9952190b259ecf8cfaaf39f594cb6d72bb22987db524ace66df2cdfc,filelist,yes,yes,unclassified,requires-config-symbol-behavior-validation,pending,not-implemented,not-implemented,not-implemented
airdcpp/filelist/DirectoryListingManager.h,fb3a65a87e865f45420e07d4ae4d120bf1b93219a6238c4405aab3280e10eb09,filelist,yes,yes,unclassified,requires-config-symbol-behavior-validation,pending,not-implemented,not-implemented,not-implemented
airdcpp/filelist/DirectoryListingManagerListener.h,23a50f135a9ea54b87d47330025340aaed50b981d7a8bdbfabf5645925cb133b,filelist,yes,yes,unclassified,requires-config-symbol-behavior-validation,pending,not-implemented,not-implemented,not-implemented
airdcpp/filelist/ListLoader.h,ba0dbdb4049f20598a1469c28d5bc5404b3d10f74ac6613220f5ff514ae2b8a0,filelist,yes,yes,unclassified,requires-config-symbol-behavior-validation,pending,not-implemented,not-implemented,not-implemented
airdcpp/forward.h,34adcd974fc92a75df4782baa0f80c4c157160615b23938b5b23a3b34ec591c1,lifecycle-or-common,yes,yes,unclassified,requires-config-symbol-behavior-validation,pending,not-implemented,not-implemented,not-implemented
airdcpp/hash/HashManager.h,b6c6439959723407b18293694a38d7530c71fed2ecc887c7faf499059a45f201,hash,yes,yes,unclassified,requires-config-symbol-behavior-validation,pending,not-implemented,not-implemented,not-implemented
airdcpp/hash/HashManagerListener.h,edbc6f8a7ec7b64a7e669fc49a0276f81aa792c870eb2a401f2dfc4c559c1323,hash,yes,yes,unclassified,requires-config-symbol-behavior-validation,pending,not-implemented,not-implemented,not-implemented
airdcpp/hash/HashStore.h,4ccb18c89dec2c0cf0510e68f5419c3dc953794e153e2294575f42d82ad1c914,hash,yes,yes,unclassified,requires-config-symbol-behavior-validation,pending,not-implemented,not-implemented,not-implemented
airdcpp/hash/HashedFile.h,d3536f79df2760e910653292e2904dd90309cc9b6d8888f6e3b8650a872599f6,hash,yes,yes,unclassified,requires-config-symbol-behavior-validation,pending,not-implemented,not-implemented,not-implemented
airdcpp/hash/Hasher.h,c9b073995294d4d145fa592740b02e274864f0b76ed7c4407ad9a5f22a825f03,hash,yes,yes,unclassified,requires-config-symbol-behavior-validation,pending,not-implemented,not-implemented,not-implemented
airdcpp/hash/HasherManager.h,9934eac12db3660518e8ef73f3ce6df7e0fe0c219e39db17ca32d21f11658510,hash,yes,yes,unclassified,requires-config-symbol-behavior-validation,pending,not-implemented,not-implemented,not-implemented
airdcpp/hash/HasherStats.h,4d5edf1aa6327007ab5135cc1ae6e44eb408a5997c9861ee77cd78b03e75be3d,hash,yes,yes,unclassified,requires-config-symbol-behavior-validation,pending,not-implemented,not-implemented,not-implemented
airdcpp/hash/value/Encoder.h,1f5c835f8d14938423489dfe92ccc84205cf4913449ece7f44d4591a4c2dd8fa,hash,yes,yes,unclassified,requires-config-symbol-behavior-validation,pending,not-implemented,not-implemented,not-implemented
airdcpp/hash/value/HashBloom.h,0af2503918d3286ac4928e6cdcb28b24e4db01fab4367315c228edf587ff37ad,hash,yes,yes,unclassified,requires-config-symbol-behavior-validation,pending,not-implemented,not-implemented,not-implemented
airdcpp/hash/value/HashCalc.h,abc5c22562a9b2d3389e8e1d945d10fe64d69413c1b37070480f0e296fc23d15,hash,yes,yes,unclassified,requires-config-symbol-behavior-validation,pending,not-implemented,not-implemented,not-implemented
airdcpp/hash/value/HashValue.h,ba8ee585aa7e96f2bde7dad065198957c815d4d14bc1bbdd6b89c7a43fd618b4,hash,yes,yes,unclassified,requires-config-symbol-behavior-validation,pending,not-implemented,not-implemented,not-implemented
airdcpp/hash/value/MerkleCheckOutputStream.h,eed50eba2195c2d3b01630ee16a45770ecb54be17572f193d479b4519191c2dc,hash,yes,yes,unclassified,requires-config-symbol-behavior-validation,pending,not-implemented,not-implemented,not-implemented
airdcpp/hash/value/MerkleTree.h,708cffd03dc3002c195af5be57d20cf39f2be87f497c91a553464453b9235260,hash,yes,yes,unclassified,requires-config-symbol-behavior-validation,pending,not-implemented,not-implemented,not-implemented
airdcpp/hash/value/MerkleTreeOutputStream.h,b2eb55a0b69698124368bbafd5f08fa8d07bb741926eb6c73a3991a3d293fe07,hash,yes,yes,unclassified,requires-config-symbol-behavior-validation,pending,not-implemented,not-implemented,not-implemented
airdcpp/hash/value/TigerHash.h,2f7f353ab25840f2fe2fdbfeeb54e95aa35f5d53c545c4c733ad82a9d70abb1f,hash,yes,yes,unclassified,requires-config-symbol-behavior-validation,pending,not-implemented,not-implemented,not-implemented
airdcpp/hub/AdcHub.h,051c419c173f73f27f1b4c8fe96d4930b981a6ef7ad7f9d0cd7e85ba4a0a1ab6,hub,yes,yes,unclassified,requires-config-symbol-behavior-validation,pending,not-implemented,not-implemented,not-implemented
airdcpp/hub/Client.h,8b62b8ab508fa510a412c085c19f968f7ff6c2871a6e5bf130b9b1405a4099b3,hub,yes,yes,unclassified,requires-config-symbol-behavior-validation,pending,not-implemented,not-implemented,not-implemented
airdcpp/hub/ClientListener.h,ae3c0b0c0f8d1bd4d16416140bd7e63f266066d300b97845947a4d783b461683,hub,yes,yes,unclassified,requires-config-symbol-behavior-validation,pending,not-implemented,not-implemented,not-implemented
airdcpp/hub/ClientManager.h,e1f6b483c1b17c959f7d0d38b2e3809a4b3c25f6e5a0c1347e4c8b8167ba26f2,hub,yes,yes,unclassified,requires-config-symbol-behavior-validation,pending,not-implemented,not-implemented,not-implemented
airdcpp/hub/ClientManagerListener.h,18c9313a65e1fd96c4f70a7ae5f9754dfd57470e4cd02b264b07a6385f293d8d,hub,yes,yes,unclassified,requires-config-symbol-behavior-validation,pending,not-implemented,not-implemented,not-implemented
airdcpp/hub/HBRIValidation.h,e17b64af406cd2de4a1679b763553970389cf672c336bcc2eda0077db973b60b,hub,yes,yes,unclassified,requires-config-symbol-behavior-validation,pending,not-implemented,not-implemented,not-implemented
airdcpp/hub/NmdcHub.h,e45e9b1e4fc6689c375d0e429f70654bf4cf5e4c25fdcd459bd4837f9b56b4cb,hub,yes,yes,unclassified,requires-config-symbol-behavior-validation,pending,not-implemented,not-implemented,not-implemented
airdcpp/hub/UserConnectResult.h,7c91c15822c7b360cd63e33b7656bbdb46e205af78f2f52377e7b203ab6d3f5c,hub,yes,yes,unclassified,requires-config-symbol-behavior-validation,pending,not-implemented,not-implemented,not-implemented
airdcpp/hub/activity/ActivityManager.h,4cd5f1177b9e2f44f2aa42005400fffae7feb3be2141227bd151cd84b382f995,hub,yes,yes,unclassified,requires-config-symbol-behavior-validation,pending,not-implemented,not-implemented,not-implemented
airdcpp/hub/user_command/UserCommand.h,e9e6bdf0932d6d9c3c71ea102d5e97c620b0c1304821ad870fc61c9ff234cfde,hub,yes,yes,unclassified,requires-config-symbol-behavior-validation,pending,not-implemented,not-implemented,not-implemented
airdcpp/hub/user_command/UserCommandManager.h,09612e6f8d9bacdd8b6f039022c5d2805cfcf0b4ded059f921212dcdec781585,hub,yes,yes,unclassified,requires-config-symbol-behavior-validation,pending,not-implemented,not-implemented,not-implemented
airdcpp/message/Message.h,18385e3a7c253df1c6daef5aaa5068c42845391582dfa9ff091fe4859ea24124,message,yes,yes,unclassified,requires-config-symbol-behavior-validation,pending,not-implemented,not-implemented,not-implemented
airdcpp/message/MessageCache.h,ed56f90feebe6a89eac44c4380d389e8b6b532cd8dcd3981f48e209b649b8984,message,yes,yes,unclassified,requires-config-symbol-behavior-validation,pending,not-implemented,not-implemented,not-implemented
airdcpp/message/MessageHighlight.h,b380787073bb6d0a0b6ba0b31a00dfbab076fa46f1ca8f420cf6913cd1049b43,message,yes,yes,unclassified,requires-config-symbol-behavior-validation,pending,not-implemented,not-implemented,not-implemented
airdcpp/modules/ADLSearch.h,0a77a263029773c8e4dcca57cf3d531e1fe3876f1a0658851e98bf5372499220,modules,no,not-installed,unclassified,requires-config-symbol-behavior-validation,pending,not-implemented,not-implemented,not-implemented
airdcpp/modules/AutoSearch.h,62aaef5d3dce56c15e458e9ea230203505cd407b853b8e0e160fd5f9f2246699,modules,no,not-installed,unclassified,requires-config-symbol-behavior-validation,pending,not-implemented,not-implemented,not-implemented
airdcpp/modules/AutoSearchManager.h,533b023dff2288978509366accd97edfbbd2e46456a2d4faa21e359283a72ef1,modules,no,not-installed,unclassified,requires-config-symbol-behavior-validation,pending,not-implemented,not-implemented,not-implemented
airdcpp/modules/AutoSearchManagerListener.h,b30168fa874b15d0f3ff106887cea7b595b6f8a679a132441b02716f41f2450a,modules,no,not-installed,unclassified,requires-config-symbol-behavior-validation,pending,not-implemented,not-implemented,not-implemented
airdcpp/modules/AutoSearchQueue.h,e9d727f2eb9d4a54aab0124382723244d9ff3697a69239385193c8bc2f67389f,modules,no,not-installed,unclassified,requires-config-symbol-behavior-validation,pending,not-implemented,not-implemented,not-implemented
airdcpp/modules/ColorSettings.h,7b96a911c9e27d42c6bfd0226b6551003b67abd1d9d217bce6d8bb7a3e36b270,modules,no,not-installed,unclassified,requires-config-symbol-behavior-validation,pending,not-implemented,not-implemented,not-implemented
airdcpp/modules/DirectSearch.h,c367b5fe3bfbeef2bbe7e041a5289fdf4595f54a068a609c69943325c7bad727,modules,no,not-installed,unclassified,requires-config-symbol-behavior-validation,pending,not-implemented,not-implemented,not-implemented
airdcpp/modules/DirectoryListingSearch.h,15811d3c4836c3f2c7d2d39cef7bd89f912ae63191c1174da44c5e0abf0591a3,modules,no,not-installed,unclassified,requires-config-symbol-behavior-validation,pending,not-implemented,not-implemented,not-implemented
airdcpp/modules/FinishedItem.h,f6581719b2d42f16c5acb4eaa96f3a955c27539379de6cf4c8fe55e9285c55b6,modules,no,not-installed,unclassified,requires-config-symbol-behavior-validation,pending,not-implemented,not-implemented,not-implemented
airdcpp/modules/FinishedManager.h,2215b4d2bf5e44f95c7186c8c6c4711be3317c6fba8d6bc44d0063d9a7b4a699,modules,no,not-installed,unclassified,requires-config-symbol-behavior-validation,pending,not-implemented,not-implemented,not-implemented
airdcpp/modules/FinishedManagerListener.h,178582ca6361b8efbd876310d446c2fbdd83750084f2cda1f47ebb3eafcf9171,modules,no,not-installed,unclassified,requires-config-symbol-behavior-validation,pending,not-implemented,not-implemented,not-implemented
airdcpp/modules/HighlightManager.h,2a3e093a99daa7fb699c46f3adf0b1f87487cb1074f500a8d8f5fbe4b43a602c,modules,no,not-installed,unclassified,requires-config-symbol-behavior-validation,pending,not-implemented,not-implemented,not-implemented
airdcpp/modules/HublistEntry.h,827eebc0576964700c9ae9ee11649ae3f89a2ced3a99aaaecbdee3be65ea9c0d,modules,no,not-installed,unclassified,requires-config-symbol-behavior-validation,pending,not-implemented,not-implemented,not-implemented
airdcpp/modules/HublistManager.h,91dab57093fca975d6bf2a77df1f283eb1546fd629f5fafe8158bd5ca8b1d23b,modules,no,not-installed,unclassified,requires-config-symbol-behavior-validation,pending,not-implemented,not-implemented,not-implemented
airdcpp/modules/HublistManagerListener.h,ba783d5325498b89977bce1826b7102f8223f90c26d3fcfe8fb2f67325ce69ca,modules,no,not-installed,unclassified,requires-config-symbol-behavior-validation,pending,not-implemented,not-implemented,not-implemented
airdcpp/modules/PreviewAppManager.h,72c476c2e1d78f888f147b3960d9bd09aa2492c6d21f6a949bcb5db2590eea00,modules,no,not-installed,unclassified,requires-config-symbol-behavior-validation,pending,not-implemented,not-implemented,not-implemented
airdcpp/modules/RSSManager.h,8043d13c8b77f0302f61d0451218ad6cf04dd50b73d549b4e0fb8453c94d5a6c,modules,no,not-installed,unclassified,requires-config-symbol-behavior-validation,pending,not-implemented,not-implemented,not-implemented
airdcpp/private_chat/PrivateChat.h,fe36080955462ac633c3566180decc9ed52b99f013b731d0c3a2fe91c7f6d27b,private_chat,yes,yes,unclassified,requires-config-symbol-behavior-validation,pending,not-implemented,not-implemented,not-implemented
airdcpp/private_chat/PrivateChatListener.h,6d3259a86b578ea6a93185a6b528f6c3b0b271f788849ac73ea43d4a02ff8b30,private_chat,yes,yes,unclassified,requires-config-symbol-behavior-validation,pending,not-implemented,not-implemented,not-implemented
airdcpp/private_chat/PrivateChatManager.h,ab56636d20681e8825edb95dd6211f0fdf50077caa85f97c8fe8b1fcab5b78ad,private_chat,yes,yes,unclassified,requires-config-symbol-behavior-validation,pending,not-implemented,not-implemented,not-implemented
airdcpp/private_chat/PrivateChatManagerListener.h,baba6bab5224af88fa02d323797d0d6fb793e170b6b0694a6e8fc7239b66ec1a,private_chat,yes,yes,unclassified,requires-config-symbol-behavior-validation,pending,not-implemented,not-implemented,not-implemented
airdcpp/protocol/AdcCommand.h,cc7e9d1c5fb5a531274e8824f056fb7c61dcfe8f595e8a4057f5d239da4f43c5,protocol,yes,yes,unclassified,requires-config-symbol-behavior-validation,pending,not-implemented,not-implemented,not-implemented
airdcpp/protocol/AdcSupports.h,f828a70bc86cb6979ef128aa225f4b6eb346f92a5c0c07d9ccce3048fb395aa5,protocol,yes,yes,unclassified,requires-config-symbol-behavior-validation,pending,not-implemented,not-implemented,not-implemented
airdcpp/protocol/ProtocolCommandManager.h,21386bc8c3381640f04a6626b71942003e8819af1b75b580e75759455564eaf8,protocol,yes,yes,unclassified,requires-config-symbol-behavior-validation,pending,not-implemented,not-implemented,not-implemented
airdcpp/queue/Bundle.h,5214eb3e7f4aef6cedf118c37d4662e7d5b4b2a49e19d0bb99aff583f42db77e,queue,yes,yes,unclassified,requires-config-symbol-behavior-validation,pending,not-implemented,not-implemented,not-implemented
airdcpp/queue/BundleQueue.h,d66adf7aa06b98ab45082059c88d6947ab460aa2ab54dda47cde7d87dd4015a1,queue,yes,yes,unclassified,requires-config-symbol-behavior-validation,pending,not-implemented,not-implemented,not-implemented
airdcpp/queue/FileQueue.h,f49068b9790a6abfd1d7b44c910becb67fd7454a21134b7aaa6180cdabb285e0,queue,yes,yes,unclassified,requires-config-symbol-behavior-validation,pending,not-implemented,not-implemented,not-implemented
airdcpp/queue/QueueAddInfo.h,a181d0a2f9b45c60885e2747df095b3d2910f387e70783a610b1adab8ad21d87,queue,yes,yes,unclassified,requires-config-symbol-behavior-validation,pending,not-implemented,not-implemented,not-implemented
airdcpp/queue/QueueDownloadInfo.h,ee2bcde81f4168f8d6e437f7edc6a56edbdc87c04b2e8087c2f219cfb1e47b7b,queue,yes,yes,unclassified,requires-config-symbol-behavior-validation,pending,not-implemented,not-implemented,not-implemented
airdcpp/queue/QueueItem.h,483e531165e8dd367e5a936bed5015cc933e98f734b71cc7993af3ca9342c082,queue,yes,yes,unclassified,requires-config-symbol-behavior-validation,pending,not-implemented,not-implemented,not-implemented
airdcpp/queue/QueueItemBase.h,a800618d1bccbe6f1529aab0b31ec1eabd4d4f40e3bea49482b42e10270ae2a7,queue,yes,yes,unclassified,requires-config-symbol-behavior-validation,pending,not-implemented,not-implemented,not-implemented
airdcpp/queue/QueueManager.h,1b4ffd05da143cad222507345424702eb4f061b77264f0815496d716d8fc5958,queue,yes,yes,unclassified,requires-config-symbol-behavior-validation,pending,not-implemented,not-implemented,not-implemented
airdcpp/queue/QueueManagerListener.h,9212dcd62aa5c2979c850026f097de4fdbbf55f25298fd7d28277c9490aa2bbb,queue,yes,yes,unclassified,requires-config-symbol-behavior-validation,pending,not-implemented,not-implemented,not-implemented
airdcpp/queue/UserQueue.h,7b122d4835b1739c4b2ae4764b3cb95302e99925a2fff6be5428ad902e0c33c9,queue,yes,yes,unclassified,requires-config-symbol-behavior-validation,pending,not-implemented,not-implemented,not-implemented
airdcpp/queue/partial_sharing/PartialBundleSharingManager.h,7e35a303331a2f417e25bf800179a1391a1c1d3a18397358bc995295fd5e0d45,queue,yes,yes,unclassified,requires-config-symbol-behavior-validation,pending,not-implemented,not-implemented,not-implemented
airdcpp/queue/partial_sharing/PartialFileSharingManager.h,091b3b4b02adeee5f33596d6492187ead53b7cc53235a246e4fda4018f8c7ddb,queue,yes,yes,unclassified,requires-config-symbol-behavior-validation,pending,not-implemented,not-implemented,not-implemented
airdcpp/queue/partial_sharing/PartialSharingManager.h,745cc55a018868b730b74b9b91a5e814bb8e3b185e919b753317bf8d0250cca5,queue,yes,yes,unclassified,requires-config-symbol-behavior-validation,pending,not-implemented,not-implemented,not-implemented
airdcpp/recents/RecentEntry.h,875978f02f79357a85d3d3975d76d469787dec0cdf406aca178d72f0d99cc062,recents,yes,yes,unclassified,requires-config-symbol-behavior-validation,pending,not-implemented,not-implemented,not-implemented
airdcpp/recents/RecentManager.h,52d9219d18e8aefb852fa03c3a2a1ff3873000febb34db5cb6ba2e43ce852d39,recents,yes,yes,unclassified,requires-config-symbol-behavior-validation,pending,not-implemented,not-implemented,not-implemented
airdcpp/recents/RecentManagerListener.h,a4e22b5eed92218195e289a31f2ee1e88d046498eab2f206e42b486ddba1cb25,recents,yes,yes,unclassified,requires-config-symbol-behavior-validation,pending,not-implemented,not-implemented,not-implemented
airdcpp/search/GroupedSearchResult.h,f0044b44d0cceb55c71458ee85e9c0da6d20c02ab8dcdf03f00d471ac6ab82b0,search,yes,yes,unclassified,requires-config-symbol-behavior-validation,pending,not-implemented,not-implemented,not-implemented
airdcpp/search/RelevanceSearch.h,91a2f98089cc0a646f85ae117237881a526921daae05c3f20ec8373077124dbd,search,yes,yes,unclassified,requires-config-symbol-behavior-validation,pending,not-implemented,not-implemented,not-implemented
airdcpp/search/Search.h,2c784a89d2e50fa196e6889758777890f2c22fd18bcc261a72b69005a98aacd4,search,yes,yes,unclassified,requires-config-symbol-behavior-validation,pending,not-implemented,not-implemented,not-implemented
airdcpp/search/SearchInstance.h,8b6b3b1dd174e13bbbeed8756f67153f4ee9b8738e4b73e350f2937c291a79d3,search,yes,yes,unclassified,requires-config-symbol-behavior-validation,pending,not-implemented,not-implemented,not-implemented
airdcpp/search/SearchInstanceListener.h,bc8c3701ed7de77d2382341811f7714db949d754ff9c4ab64af1f2eb13850a63,search,yes,yes,unclassified,requires-config-symbol-behavior-validation,pending,not-implemented,not-implemented,not-implemented
airdcpp/search/SearchManager.h,b096b9320b368e808b4a5e8cc0e0b315b4dac94e6b23d423abedc2db38f2a1c7,search,yes,yes,unclassified,requires-config-symbol-behavior-validation,pending,not-implemented,not-implemented,not-implemented
airdcpp/search/SearchManagerListener.h,a936b6c7f3304dc6b8b568da1f760b7f08c552bf60390b6eb09b4b3c9c36d73d,search,yes,yes,unclassified,requires-config-symbol-behavior-validation,pending,not-implemented,not-implemented,not-implemented
airdcpp/search/SearchQuery.h,d8da433ab821e2f6beb712fbea198614ca98b174ffa9f362e03b75b557ac26ef,search,yes,yes,unclassified,requires-config-symbol-behavior-validation,pending,not-implemented,not-implemented,not-implemented
airdcpp/search/SearchQueue.h,aa31c1ab851d967d469b55b2327118aa75dac5fcbc22fbc1b889d1d72266cd36,search,yes,yes,unclassified,requires-config-symbol-behavior-validation,pending,not-implemented,not-implemented,not-implemented
airdcpp/search/SearchResult.h,8c15b196da8235e77253943f771a7eab23a4647a2289531ad3c113892c6d65cb,search,yes,yes,unclassified,requires-config-symbol-behavior-validation,pending,not-implemented,not-implemented,not-implemented
airdcpp/search/SearchTypes.h,ba205188fc6897731bf7f599072846dca4664b08e173caee4238c852b7f66317,search,yes,yes,unclassified,requires-config-symbol-behavior-validation,pending,not-implemented,not-implemented,not-implemented
airdcpp/settings/HubSettings.h,9f7da7eb810f8d037a0cb52781c7434997c24b30279f9c5616dbbce88565d439,settings,yes,yes,unclassified,requires-config-symbol-behavior-validation,pending,not-implemented,not-implemented,not-implemented
airdcpp/settings/SettingHolder.h,ca8127f4178f6d56f44a63d378654f816d6108403c3672339e69ee8038562d8d,settings,yes,yes,unclassified,requires-config-symbol-behavior-validation,pending,not-implemented,not-implemented,not-implemented
airdcpp/settings/SettingItem.h,fe5e21570061dad60add4e1664352c27619086175b87f0439fa35d5a19c9dd66,settings,yes,yes,unclassified,requires-config-symbol-behavior-validation,pending,not-implemented,not-implemented,not-implemented
airdcpp/settings/SettingsManager.h,443dbd3f5f3b0cc2c84cc078a22f69e5a9a211bd4096c70a20263dcb712f7cc1,settings,yes,yes,unclassified,requires-config-symbol-behavior-validation,pending,not-implemented,not-implemented,not-implemented
airdcpp/settings/SettingsManagerListener.h,753ae0981609e59e2ca397d2038a1083eed0fbc923cf75edc3b7bc0cebbafd1b,settings,yes,yes,unclassified,requires-config-symbol-behavior-validation,pending,not-implemented,not-implemented,not-implemented
airdcpp/share/ShareDirectory.h,8b6d6dc3da18ccc53684f2a0dcc6a19549672261a8bb358cacff96ea34802efc,share,yes,yes,unclassified,requires-config-symbol-behavior-validation,pending,not-implemented,not-implemented,not-implemented
airdcpp/share/ShareDirectoryInfo.h,6939da9e4e6e8b85fa4ff8ef71f948d43878f3fe8a3e0ac90b2bc52571aaff51,share,yes,yes,unclassified,requires-config-symbol-behavior-validation,pending,not-implemented,not-implemented,not-implemented
airdcpp/share/ShareManager.h,2ff10eabe2b7af58a0935acd39c318688ae762e3ee23aac5aeced123028a77e6,share,yes,yes,unclassified,requires-config-symbol-behavior-validation,pending,not-implemented,not-implemented,not-implemented
airdcpp/share/ShareManagerListener.h,4b5737f09cc58c0771d463c928af316160c694ac163d46978ed8d792d5a68ba9,share,yes,yes,unclassified,requires-config-symbol-behavior-validation,pending,not-implemented,not-implemented,not-implemented
airdcpp/share/SharePathValidator.h,0139344587c2aa12a094a54487996c32e13991b10aaa639f6871f3a42e959c3b,share,yes,yes,unclassified,requires-config-symbol-behavior-validation,pending,not-implemented,not-implemented,not-implemented
airdcpp/share/ShareRefreshInfo.h,b63de33543c527f248f821e78e2bd710a60fade254a94b2226bb3f493c52ece5,share,yes,yes,unclassified,requires-config-symbol-behavior-validation,pending,not-implemented,not-implemented,not-implemented
airdcpp/share/ShareRefreshTask.h,30cda643191f6ce62ba883b8237e18f153ad39a127daa764356cadd2ab34811d,share,yes,yes,unclassified,requires-config-symbol-behavior-validation,pending,not-implemented,not-implemented,not-implemented
airdcpp/share/ShareSearchInfo.h,5af916a867cb300644573ae08cbacb171163b66fde49cdc31ca5dee39c0431d5,share,yes,yes,unclassified,requires-config-symbol-behavior-validation,pending,not-implemented,not-implemented,not-implemented
airdcpp/share/ShareStats.h,25e6740456c0e0fec95f511f044df99bba46b5f3b52ab660b1f2a795f645bc2f,share,yes,yes,unclassified,requires-config-symbol-behavior-validation,pending,not-implemented,not-implemented,not-implemented
airdcpp/share/ShareTasks.h,5e166cc53b70ef0cacbe25b146ea70690bf76b612f3d0aec24dfef3608d47d3b,share,yes,yes,unclassified,requires-config-symbol-behavior-validation,pending,not-implemented,not-implemented,not-implemented
airdcpp/share/ShareTree.h,8c1ba6bf353526f2aeca27bbeb307aaad93f8039889984cffcd24fc6b6b316d1,share,yes,yes,unclassified,requires-config-symbol-behavior-validation,pending,not-implemented,not-implemented,not-implemented
airdcpp/share/UploadFileProvider.h,878086a23489c1a9ac6266282dff4c8e9068d811d35b06614058347213565fd5,share,yes,yes,unclassified,requires-config-symbol-behavior-validation,pending,not-implemented,not-implemented,not-implemented
airdcpp/share/profiles/ShareProfile.h,534c96500b4e6290b9574e8b7772bfe1c18e5e00c68a1afd8d9a9a98bf137db8,share,yes,yes,unclassified,requires-config-symbol-behavior-validation,pending,not-implemented,not-implemented,not-implemented
airdcpp/share/profiles/ShareProfileManager.h,3c42772c7d38a9699dad6b7436834632759ec8bf63f4a12d5c976f43edcc27e6,share,yes,yes,unclassified,requires-config-symbol-behavior-validation,pending,not-implemented,not-implemented,not-implemented
airdcpp/share/profiles/ShareProfileManagerListener.h,e62edd39fe4633749f6d026d39cb45ab0f0d334faf302b477511178137fd2e3b,share,yes,yes,unclassified,requires-config-symbol-behavior-validation,pending,not-implemented,not-implemented,not-implemented
airdcpp/share/temp_share/TempShareItem.h,b06b7f60395deaaa15d3210b0f4b0eb92d942b92dd0f1d0b366d181c9d35b603,share,yes,yes,unclassified,requires-config-symbol-behavior-validation,pending,not-implemented,not-implemented,not-implemented
airdcpp/share/temp_share/TempShareManager.h,12e52456931bead637e90b7a82c4043e0a10632c7099e0fe76289d531340cb2f,share,yes,yes,unclassified,requires-config-symbol-behavior-validation,pending,not-implemented,not-implemented,not-implemented
airdcpp/share/temp_share/TempShareManagerListener.h,708932cb4b15c251c7222782f4c7922a965ac93b8586d2cdd76ff6eb443585a1,share,yes,yes,unclassified,requires-config-symbol-behavior-validation,pending,not-implemented,not-implemented,not-implemented
airdcpp/stdinc.h,8ea0f9283a47d66eeb6574c6aa8d18db85f0f90f2d2e5abfcd21b992a780f0ea,lifecycle-or-common,yes,yes,unclassified,requires-config-symbol-behavior-validation,pending,not-implemented,not-implemented,not-implemented
airdcpp/transfer/Transfer.h,8bf8a24947db91a25c27fc90cde5c2ab92c3cd39dfd5b349d9bcfae9ac09a6b9,transfer,yes,yes,unclassified,requires-config-symbol-behavior-validation,pending,not-implemented,not-implemented,not-implemented
airdcpp/transfer/TransferInfo.h,69f66b396db57a273d5ce08d33beaface550e0a9ab4c106813b15d0ba97a578e,transfer,yes,yes,unclassified,requires-config-symbol-behavior-validation,pending,not-implemented,not-implemented,not-implemented
airdcpp/transfer/TransferInfoManager.h,496389413a42ef903e76428a3796a7ee291cf3ea09cf802c070fe1eb1438f53b,transfer,yes,yes,unclassified,requires-config-symbol-behavior-validation,pending,not-implemented,not-implemented,not-implemented
airdcpp/transfer/TransferInfoManagerListener.h,bc3b45f296ad12839cb872e8f30daa3f57258f2468091a3177703fac256f69c5,transfer,yes,yes,unclassified,requires-config-symbol-behavior-validation,pending,not-implemented,not-implemented,not-implemented
airdcpp/transfer/TransferSlot.h,3f693caa9d92ee02744bca7d8e08b11f3a26b551c303d8458f73096f29e4f1d2,transfer,yes,yes,unclassified,requires-config-symbol-behavior-validation,pending,not-implemented,not-implemented,not-implemented
airdcpp/transfer/download/Download.h,1a80fb80228e5f7655876f18a26fa6c10117c37a38c6ee41f0f7deca544bb997,transfer,yes,yes,unclassified,requires-config-symbol-behavior-validation,pending,not-implemented,not-implemented,not-implemented
airdcpp/transfer/download/DownloadManager.h,aec80264ee4440ec9b4d25b994f5bd7425b55ea2161b729fc77dd4d2ca8a0c4e,transfer,yes,yes,unclassified,requires-config-symbol-behavior-validation,pending,not-implemented,not-implemented,not-implemented
airdcpp/transfer/download/DownloadManagerListener.h,205f9360143d4ce02f3e99180a51c8303f6b9fa1ee24f734395ef4a3efc3e078,transfer,yes,yes,unclassified,requires-config-symbol-behavior-validation,pending,not-implemented,not-implemented,not-implemented
airdcpp/transfer/download/TrackableDownloadItem.h,ff33564ef6e1b7e8d19b681fe3efd799c803752859d7cf2625d3a6cedbce3f8f,transfer,yes,yes,unclassified,requires-config-symbol-behavior-validation,pending,not-implemented,not-implemented,not-implemented
airdcpp/transfer/upload/Upload.h,b12d35904602de8575246f8a7f6347ef035c98020ac9520d81fc5a690e4dc726,transfer,yes,yes,unclassified,requires-config-symbol-behavior-validation,pending,not-implemented,not-implemented,not-implemented
airdcpp/transfer/upload/UploadFileParser.h,d595c0177200a1cd6d51207e7422507f626e44312806dbcd4b186cfa98e88483,transfer,yes,yes,unclassified,requires-config-symbol-behavior-validation,pending,not-implemented,not-implemented,not-implemented
airdcpp/transfer/upload/UploadManager.h,7b810abb6aee63f3dd46cd466645945e888725b11442f1fad11c30ee050ebc47,transfer,yes,yes,unclassified,requires-config-symbol-behavior-validation,pending,not-implemented,not-implemented,not-implemented
airdcpp/transfer/upload/UploadManagerListener.h,79f693ea1e5d33b9f0eb96159a808845491f98121852dc2b75e79b9c332070c1,transfer,yes,yes,unclassified,requires-config-symbol-behavior-validation,pending,not-implemented,not-implemented,not-implemented
airdcpp/transfer/upload/UploadQueueItem.h,1e831fbee45d0408cff7a7fadbfa7fbfa2892cfead81a03de1ea7ab068b34f57,transfer,yes,yes,unclassified,requires-config-symbol-behavior-validation,pending,not-implemented,not-implemented,not-implemented
airdcpp/transfer/upload/UploadQueueManager.h,8bfb2ca9957f478f90700f495811c264d648ecdcca7e02b413c40f51fabca085,transfer,yes,yes,unclassified,requires-config-symbol-behavior-validation,pending,not-implemented,not-implemented,not-implemented
airdcpp/transfer/upload/UploadQueueManagerListener.h,99334179773f753d888c898d1d09d82d8b2d7e76215de3367bd7f08c5cf2e5da,transfer,yes,yes,unclassified,requires-config-symbol-behavior-validation,pending,not-implemented,not-implemented,not-implemented
airdcpp/transfer/upload/UploadRequest.h,296fccb3196d2118cf97b1a5dc7b3ffc6034fe4f6534d4a0024c0045d71d1085,transfer,yes,yes,unclassified,requires-config-symbol-behavior-validation,pending,not-implemented,not-implemented,not-implemented
airdcpp/transfer/upload/upload_bundles/UploadBundle.h,c299ad471fac14fda92b3255f1881b7c6403d808ba7a04ef6b2734ee3808a7d8,transfer,yes,yes,unclassified,requires-config-symbol-behavior-validation,pending,not-implemented,not-implemented,not-implemented
airdcpp/transfer/upload/upload_bundles/UploadBundleInfo.h,aa65740ea04b66b58ed31b66b9af0d322bcb2d5531b442d810a638939c7969e9,transfer,yes,yes,unclassified,requires-config-symbol-behavior-validation,pending,not-implemented,not-implemented,not-implemented
airdcpp/transfer/upload/upload_bundles/UploadBundleInfoReceiver.h,b59b7398e7b2c9f83af41d3a8e1e60802e00df5495b565e07d61ca188fe8fd4e,transfer,yes,yes,unclassified,requires-config-symbol-behavior-validation,pending,not-implemented,not-implemented,not-implemented
airdcpp/transfer/upload/upload_bundles/UploadBundleInfoReceiverListener.h,461ec489bf27fd1239e1c06a33bcd36819a262eca3a5737457728f00f23a2c30,transfer,yes,yes,unclassified,requires-config-symbol-behavior-validation,pending,not-implemented,not-implemented,not-implemented
airdcpp/transfer/upload/upload_bundles/UploadBundleInfoSender.h,806fabd59ec17ff2ada62a9a8fea2800ad487bebc23820d191dac7778af0cb01,transfer,yes,yes,unclassified,requires-config-symbol-behavior-validation,pending,not-implemented,not-implemented,not-implemented
airdcpp/transfer/upload/upload_bundles/UploadBundleManager.h,26c5994be75f927fd7e3f6249558b355c7d0abe92f24e2bbba15b79f234a33ff,transfer,yes,yes,unclassified,requires-config-symbol-behavior-validation,pending,not-implemented,not-implemented,not-implemented
airdcpp/user/CID.h,949517df2ed2e6a599c2df730f4de8cf3e6f371440d2b61fbee5d7a3a6a5e41e,user,yes,yes,unclassified,requires-config-symbol-behavior-validation,pending,not-implemented,not-implemented,not-implemented
airdcpp/user/HintedUser.h,7fe214b06396e804fd550a160cb7c291ee11c172a1482d9298bb8189f73f9bcf,user,yes,yes,unclassified,requires-config-symbol-behavior-validation,pending,not-implemented,not-implemented,not-implemented
airdcpp/user/OfflineUser.h,dbf975c381b17b362ea88a7772966fe0c18780ce501f06a54715459d55312434,user,yes,yes,unclassified,requires-config-symbol-behavior-validation,pending,not-implemented,not-implemented,not-implemented
airdcpp/user/OnlineUser.h,c2fe2ea9428ec9ddeda95d3a31254b191724c960077296a2f90de6684b5a7702,user,yes,yes,unclassified,requires-config-symbol-behavior-validation,pending,not-implemented,not-implemented,not-implemented
airdcpp/user/User.h,e2209b33f78d8bab8fee2ba44df10fd88cc93bb1cd731ed6d85f8e645cb5ff31,user,yes,yes,unclassified,requires-config-symbol-behavior-validation,pending,not-implemented,not-implemented,not-implemented
airdcpp/user/UserInfoBase.h,33c77145f328006fd5f39b52119c97f50c3d67856549de07bcb33b6b6d0e8003,user,yes,yes,unclassified,requires-config-symbol-behavior-validation,pending,not-implemented,not-implemented,not-implemented
airdcpp/user/ignore/IgnoreManager.h,fd87a31372a39a7a83e2f7fd93f52b76e271ce6d81a82b6eba1ccfa09706fbae,user,yes,yes,unclassified,requires-config-symbol-behavior-validation,pending,not-implemented,not-implemented,not-implemented
airdcpp/user/ignore/IgnoreManagerListener.h,d697783055e464d8e77ccc5fe9fad504990c2c786c2b924640481b7cb8ebbbf2,user,yes,yes,unclassified,requires-config-symbol-behavior-validation,pending,not-implemented,not-implemented,not-implemented
airdcpp/util/AppUtil.h,848b1a29bffa38672769bb12bccd7980f94fbc8bd61bc9f7a05e1cdb8dc17186,util,yes,yes,unclassified,requires-config-symbol-behavior-validation,pending,not-implemented,not-implemented,not-implemented
airdcpp/util/AutoLimitUtil.h,55b105df622a5fbeab7c3550ad5e8a061a1e1979bf646437ae59d0552e6ec26d,util,yes,yes,unclassified,requires-config-symbol-behavior-validation,pending,not-implemented,not-implemented,not-implemented
airdcpp/util/CryptoUtil.h,7ebc51c804f1c2b336a2ce32d486634dbb55892ee62b7a1511634f3a80d681e7,util,yes,yes,unclassified,requires-config-symbol-behavior-validation,pending,not-implemented,not-implemented,not-implemented
airdcpp/util/DupeUtil.h,9fc906c0baf91de9cf4f2710c8f12f61163de9f091984d094a5823d0760c0331,util,yes,yes,unclassified,requires-config-symbol-behavior-validation,pending,not-implemented,not-implemented,not-implemented
airdcpp/util/LinkUtil.h,8fed1e563887e335f24100ec36fa6f03d53f814111870440f2c3f3b83eff885c,util,yes,yes,unclassified,requires-config-symbol-behavior-validation,pending,not-implemented,not-implemented,not-implemented
airdcpp/util/NetworkUtil.h,d8518957aa332c5383ddc382afb822825a18ee0b273eb7a3f059b21250c8a1b7,util,yes,yes,unclassified,requires-config-symbol-behavior-validation,pending,not-implemented,not-implemented,not-implemented
airdcpp/util/PathUtil.h,a82897200c42466050c947b90fa70e9472d724e9e14b620c7f4842187327549d,util,yes,yes,unclassified,requires-config-symbol-behavior-validation,pending,not-implemented,not-implemented,not-implemented
airdcpp/util/RegexUtil.h,aa09cb7c6abc1f85371fc073baff2cdb3e4fd1012fe08f0d70cbd2fed62f3142,util,yes,yes,unclassified,requires-config-symbol-behavior-validation,pending,not-implemented,not-implemented,not-implemented
airdcpp/util/SystemUtil.h,b17aa67c5502f748807ef4c7b673406c6184493c65a787627821f976badb6065,util,yes,yes,unclassified,requires-config-symbol-behavior-validation,pending,not-implemented,not-implemented,not-implemented
airdcpp/util/Util.h,addc6a811cefaf399bc9cdc48d24de83df4a446b9f0b4f0ccc4e25a98eae228f,util,yes,yes,unclassified,requires-config-symbol-behavior-validation,pending,not-implemented,not-implemented,not-implemented
airdcpp/util/ValueGenerator.h,cbd304e1123ca4b15c25f6c0221022235ef0055a53a8ca11a1c0d6c8f8f53bb0,util,yes,yes,unclassified,requires-config-symbol-behavior-validation,pending,not-implemented,not-implemented,not-implemented
airdcpp/util/classes/PrioritySearchQueue.h,b1a8005aae51d30f4bbb7965f113d710c45476d3e9d5ca37d26c07ec14551028,util,yes,yes,unclassified,requires-config-symbol-behavior-validation,pending,not-implemented,not-implemented,not-implemented
airdcpp/util/text/DualString.h,87213301d3f382907140b9b9a5166a4a085dcb64e1b319ebd49bac1c673402ee,util,yes,yes,unclassified,requires-config-symbol-behavior-validation,pending,not-implemented,not-implemented,not-implemented
airdcpp/util/text/StringMatch.h,ad6036f29a378a587cbb3434696fefbe60c4d0c9e6edf92a01eb86905a3f7aa4,util,yes,yes,unclassified,requires-config-symbol-behavior-validation,pending,not-implemented,not-implemented,not-implemented
airdcpp/util/text/StringSearch.h,7c57ba52554048715597536b2ea7bc76bb74144d6b1f2c01bc34b719edf1d0db,util,yes,yes,unclassified,requires-config-symbol-behavior-validation,pending,not-implemented,not-implemented,not-implemented
airdcpp/util/text/StringTokenizer.h,f811ec9380f2826e8a3fa3d7a0fb54752891b01506c4187bdb85712a10fb3cea,util,yes,yes,unclassified,requires-config-symbol-behavior-validation,pending,not-implemented,not-implemented,not-implemented
airdcpp/util/text/Text.h,8371ecc06cd55dbb2ef6c03fb01f60ec33850788e81b57dfa20f9823cf7c8eea,util,yes,yes,unclassified,requires-config-symbol-behavior-validation,pending,not-implemented,not-implemented,not-implemented
airdcpp/viewed_files/ViewFile.h,bd7501ffdbaaa5c619d2dc8728b3585a9d0eba9c8219e69c0c9050c8c424f2a4,viewed_files,yes,yes,unclassified,requires-config-symbol-behavior-validation,pending,not-implemented,not-implemented,not-implemented
airdcpp/viewed_files/ViewFileManager.h,c1f531233e699b2c5b556b68db649efcde0141eca66b4e808ecb5eb0cbc755a1,viewed_files,yes,yes,unclassified,requires-config-symbol-behavior-validation,pending,not-implemented,not-implemented,not-implemented
airdcpp/viewed_files/ViewFileManagerListener.h,c6379fe8cacef9c29abe47fe91621a213f7d8d1e4982d70b62d96183e38dd91d,viewed_files,yes,yes,unclassified,requires-config-symbol-behavior-validation,pending,not-implemented,not-implemented,not-implemented
